"clientid","clientname","clientemail","clientphone","clientaddress","completionstatus","paymentstatus","feedback","servicedate"
1,"John Doe","john.doe1@example.com","555-1234","123 Elm St","Completed","Paid","Excellent service!","2024-08-01"
2,"Jane Smith","jane.smith@example.com","555-5678","456 Oak St","In Progress","Unpaid","Good communication.","2024-08-02"
3,"Acme Corp","contact@acmecorp.com","555-7890","789 Pine St","Pending","Pending","Waiting for response.","2024-08-03"
4,"Tech Solutions","info@techsolutions.com","555-1111","987 Maple Ave","Completed","Paid","Satisfied with the service.","2024-08-04"
5,"Global Enterprises","support@globalenterprises.com","555-2222","654 Birch Rd","Completed","Unpaid","Service was okay.","2024-08-05"
6,"Innovate LLC","contact@innovatellc.com","555-3333","321 Cedar St","In Progress","Pending","Looking forward to completion.","2024-08-06"
7,"Green Energy","info@greenenergy.com","555-4444","876 Spruce St","Completed","Paid","Great experience!","2024-08-07"
8,"Blue Sky Inc","sales@blueskyinc.com","555-5555","543 Elm St","Pending","Pending","No feedback yet.","2024-08-08"
9,"Sunrise Tech","service@sunrisetech.com","555-6666","210 Oak St","In Progress","Unpaid","Needs improvement.","2024-08-09"
10,"Metro Industries","contact@metroind.com","555-7777","789 Maple Ave","Completed","Paid","Happy with the results.","2024-08-10"
